qid,qtype,pipeline,answer,total_tokens,context_tokens,input_tokens,output_tokens,llm_calls,latency,retrieval_steps,reasoning_steps,n_chunks,n_citations,stop_reason,strategy_changes
eval-001,multi_hop,agentic,Li TingSun Tiantian,2075,335,1750,325,2,10.993,2,2,0,1,rule_sufficient,0.0
eval-001,multi_hop,graphrag,Li TingSun Tiantian,3316,2193,3246,70,1,4.457,4,1,10,1,fixed_pipeline,
eval-001,multi_hop,rag,Not found in the corpus,2737,1839,2665,72,1,23.989,1,1,10,2,fixed_pipeline,
eval-002,lookup,agentic,29,4505,452,3879,626,3,14.411,3,4,0,1,rule_sufficient,0.0
eval-002,lookup,graphrag,29,5556,3896,5503,53,1,6.408,4,1,10,1,fixed_pipeline,
eval-002,lookup,rag,29,3278,2478,3225,53,1,8.384,1,1,10,1,fixed_pipeline,
eval-003,aggregation,agentic,8,3949,1623,3566,383,2,7.346,2,3,0,1,rule_sufficient,0.0
eval-003,aggregation,graphrag,6,5030,3094,4900,130,1,9.917,4,1,10,1,fixed_pipeline,
eval-003,aggregation,rag,3,3361,2059,3281,80,1,12.068,1,1,10,3,fixed_pipeline,
eval-004,multi_hop,agentic,"Mykola Milchev, Mariya Grozdeva",4357,625,3896,461,3,14.604,3,3,0,2,rule_sufficient,0.0
eval-004,multi_hop,graphrag,Yang Ling,5499,3880,5441,58,1,6.329,4,1,10,1,fixed_pipeline,
eval-004,multi_hop,rag,Mykola Milchev,3194,2279,3135,59,1,4.388,1,1,10,1,fixed_pipeline,
eval-005,superlative,agentic,Sailing at the 2016 Summer Olympics – Men's 470,2951,872,2563,388,2,7.546,2,3,0,1,rule_sufficient,0.0
eval-005,superlative,graphrag,Sailing at the 2016 Summer Olympics – Men's 470,4564,2809,4485,79,1,4.901,4,1,10,1,fixed_pipeline,
eval-005,superlative,rag,Sailing at the 2016 Summer Olympics – Laser,3236,1473,3132,104,1,14.307,1,1,10,1,fixed_pipeline,
eval-006,aggregation,agentic,4,3093,1044,2707,386,2,11.643,2,3,0,1,rule_sufficient,0.0
eval-006,aggregation,graphrag,3,4171,2688,4051,120,1,6.64,4,1,10,1,fixed_pipeline,
eval-006,aggregation,rag,2,3138,2051,3068,70,1,15.467,1,1,10,2,fixed_pipeline,
eval-007,temporal,agentic,Oleksandr Usyk,1799,123,1505,294,2,5.543,2,2,0,2,rule_sufficient,0.0
eval-007,temporal,graphrag,Not found in the corpus,4045,2712,3950,95,1,14.688,4,1,10,2,fixed_pipeline,
eval-007,temporal,rag,Oleksandr Usyk,2674,1763,2610,64,1,14.737,1,1,10,1,fixed_pipeline,
eval-008,aggregation,agentic,4,3027,950,2642,385,2,12.111,2,3,0,1,rule_sufficient,0.0
eval-008,aggregation,graphrag,3,4651,3049,4582,69,1,4.22,4,1,10,1,fixed_pipeline,
eval-008,aggregation,rag,3,3664,2007,3595,69,1,9.198,1,1,10,4,fixed_pipeline,
eval-009,superlative,agentic,Sailing at the 2004 Summer Olympics – Men's 470,3254,1084,2870,384,2,9.717,2,3,0,1,rule_sufficient,0.0
eval-009,superlative,graphrag,Sailing at the 2004 Summer Olympics – Men's 470,4434,3075,4355,79,1,15.174,4,1,10,1,fixed_pipeline,
eval-009,superlative,rag,Sailing at the 2004 Summer Olympics – Men's 470,3190,1975,3049,141,1,6.44,1,1,10,6,fixed_pipeline,
eval-010,lookup,agentic,32,4664,544,4082,582,3,18.593,3,4,0,1,rule_sufficient,0.0
eval-010,lookup,graphrag,32,4082,2983,4030,52,1,4.108,4,1,10,2,fixed_pipeline,
eval-010,lookup,rag,32,2950,2056,2901,49,1,8.118,1,1,10,1,fixed_pipeline,
eval-011,aggregation,agentic,4,3084,941,2694,390,2,7.68,2,3,0,1,rule_sufficient,0.0
eval-011,aggregation,graphrag,2,5603,2439,5464,139,1,8.118,4,1,6,5,fixed_pipeline,
eval-011,aggregation,rag,1,4896,1708,4815,81,1,5.367,1,1,10,1,fixed_pipeline,
eval-012,lookup,agentic,32,4802,606,4310,492,3,15.787,3,4,0,1,rule_sufficient,0.0
eval-012,lookup,graphrag,32,5335,3672,5278,57,1,5.613,4,1,10,2,fixed_pipeline,
eval-012,lookup,rag,32,2923,1840,2868,55,1,9.308,1,1,10,1,fixed_pipeline,
eval-013,aggregation,agentic,6,5504,1417,5089,415,3,16.571,2,4,0,1,orchestrator_answer,0.0
eval-013,aggregation,graphrag,4,4685,3494,4606,79,1,5.173,4,1,10,1,fixed_pipeline,
eval-013,aggregation,rag,2,3722,2474,3653,69,1,11.96,1,1,10,3,fixed_pipeline,
eval-014,multi_hop,agentic,Michaela Dorfmeister,2052,311,1739,313,2,12.134,2,2,0,1,rule_sufficient,0.0
eval-014,multi_hop,graphrag,Michaela Dorfmeister,3781,2501,3709,72,1,9.299,4,1,10,1,fixed_pipeline,
eval-014,multi_hop,rag,Not found in the corpus,3516,2458,3431,85,1,13.198,1,1,10,10,fixed_pipeline,
eval-015,lookup,agentic,35,4522,540,4046,476,3,23.704,3,4,0,1,rule_sufficient,0.0
eval-015,lookup,graphrag,35,5338,3742,5282,56,1,8.332,4,1,10,2,fixed_pipeline,
eval-015,lookup,rag,35,2705,1954,2649,56,1,13.962,1,1,10,1,fixed_pipeline,
eval-016,lookup,agentic,22,4245,380,3623,622,3,18.197,3,4,0,1,rule_sufficient,0.0
eval-016,lookup,graphrag,22,5068,3750,5017,51,1,7.433,4,1,10,1,fixed_pipeline,
eval-016,lookup,rag,22,3331,2067,3280,51,1,13.841,1,1,10,1,fixed_pipeline,
eval-017,multi_hop,agentic,Miroslava Knapková,2037,296,1717,320,2,14.124,2,2,0,1,rule_sufficient,0.0
eval-017,multi_hop,graphrag,Miroslava Knapková,5858,4027,5779,79,1,5.58,4,1,10,2,fixed_pipeline,
eval-017,multi_hop,rag,"Miroslava Knapková, Mads RasmussenRasmus Quist Hansen, Katherine CopelandSophie Hosking",3771,2566,3667,104,1,4.316,1,1,10,3,fixed_pipeline,
eval-018,multi_hop,agentic,Sara Kolak,2036,306,1717,319,2,11.721,2,2,0,1,rule_sufficient,0.0
eval-018,multi_hop,graphrag,Ashton Eaton,5785,3964,5714,71,1,4.427,4,1,10,1,fixed_pipeline,
eval-018,multi_hop,rag,Conseslus Kipruto,3628,2522,3551,77,1,7.655,1,1,10,1,fixed_pipeline,
eval-019,aggregation,agentic,4,2969,910,2596,373,2,12.12,2,3,0,1,rule_sufficient,0.0
eval-019,aggregation,graphrag,3,4207,2774,4133,74,1,3.964,4,1,10,1,fixed_pipeline,
eval-019,aggregation,rag,Not found in the corpus,4192,2213,4123,69,1,13.912,1,1,10,2,fixed_pipeline,
eval-020,multi_hop,agentic,Jin Jong-oh,2110,353,1792,318,2,17.955,2,2,0,1,rule_sufficient,0.0
eval-020,multi_hop,graphrag,"Jin Jong-oh, Giovanni Cernogoraz",4369,3060,4259,110,1,8.683,4,1,10,2,fixed_pipeline,
eval-020,multi_hop,rag,Giovanni Cernogoraz,3285,2322,3222,63,1,5.088,1,1,10,1,fixed_pipeline,
eval-021,temporal,agentic,Tyler Clary,1847,131,1530,317,2,9.527,2,2,0,2,rule_sufficient,0.0
eval-021,temporal,graphrag,Tyler Clary,5328,3706,5252,76,1,10.155,4,1,10,1,fixed_pipeline,
eval-021,temporal,rag,Tyler Clary,3085,2073,3022,63,1,18.438,1,1,10,1,fixed_pipeline,
eval-022,lookup,agentic,40,4625,542,4160,465,3,19.081,3,4,0,1,rule_sufficient,0.0
eval-022,lookup,graphrag,40,4956,2976,4900,56,1,3.846,4,1,10,1,fixed_pipeline,
eval-022,lookup,rag,Not found in the corpus,4338,2047,4272,66,1,3.173,1,1,10,4,fixed_pipeline,
eval-023,aggregation,agentic,7,3684,1501,3307,377,2,12.641,2,3,0,1,rule_sufficient,0.0
eval-023,aggregation,graphrag,6,5244,3547,5103,141,1,4.588,4,1,10,1,fixed_pipeline,
eval-023,aggregation,rag,1,3304,2406,3204,100,1,9.216,1,1,10,1,fixed_pipeline,
eval-024,superlative,agentic,Cross-country skiing at the 1998 Winter Olympics – Men's 10 kilometre classical,2933,899,2534,399,2,10.634,2,3,0,2,rule_sufficient,0.0
eval-024,superlative,graphrag,Cross-country skiing at the 1998 Winter Olympics – Men's 10 kilometre classical,4822,2847,4736,86,1,3.807,4,1,10,1,fixed_pipeline,
eval-024,superlative,rag,Men's 15 kilometre freestyle pursuit,3920,1983,3821,99,1,7.949,1,1,10,1,fixed_pipeline,
eval-025,superlative,agentic,Rowing at the 2016 Summer Olympics – Women's eight,3449,1319,3072,377,2,10.325,2,3,0,1,rule_sufficient,0.0
eval-025,superlative,graphrag,Rowing at the 2016 Summer Olympics – Women's eight,4793,3568,4720,73,1,4.356,4,1,10,1,fixed_pipeline,
eval-025,superlative,rag,Not found in the corpus,3173,2246,3060,113,1,5.136,1,1,10,10,fixed_pipeline,
eval-026,lookup,agentic,22,4394,461,3908,486,3,15.831,3,4,0,1,rule_sufficient,0.0
eval-026,lookup,graphrag,22,4342,3117,4288,54,1,4.976,4,1,10,1,fixed_pipeline,
eval-026,lookup,rag,22,3158,2384,3105,53,1,5.386,1,1,10,1,fixed_pipeline,
eval-027,superlative,agentic,Cycling at the 2012 Summer Olympics – Men's individual road race,3533,1377,3166,367,2,8.938,2,3,0,1,rule_sufficient,0.0
eval-027,superlative,graphrag,Cycling at the 2012 Summer Olympics – Men's individual road race,5033,3381,4966,67,1,4.236,4,1,10,1,fixed_pipeline,
eval-027,superlative,rag,Cycling at the 2012 Summer Olympics – Men's individual road race,3479,2302,3357,122,1,8.177,1,1,10,1,fixed_pipeline,
eval-028,aggregation,agentic,3,3444,1208,3077,367,2,11.85,2,3,0,1,rule_sufficient,0.0
eval-028,aggregation,graphrag,3,4715,3123,4626,89,1,10.092,4,1,10,1,fixed_pipeline,
eval-028,aggregation,rag,1,3009,2306,2948,61,1,4.389,1,1,10,1,fixed_pipeline,
eval-029,aggregation,agentic,3,3111,1020,2734,377,2,9.746,2,3,0,1,rule_sufficient,0.0
eval-029,aggregation,graphrag,3,4636,3165,4561,75,1,5.203,4,1,10,1,fixed_pipeline,
eval-029,aggregation,rag,3,3101,2237,3024,77,1,4.708,1,1,10,3,fixed_pipeline,
eval-030,superlative,agentic,Alpine skiing at the 1994 Winter Olympics – Men's super-G,2893,852,2515,378,2,9.908,2,3,0,2,rule_sufficient,0.0
eval-030,superlative,graphrag,Alpine skiing at the 1994 Winter Olympics – Men's super-G,4766,3071,4698,68,1,5.907,4,1,10,1,fixed_pipeline,
eval-030,superlative,rag,Not found in the corpus,4509,2665,4407,102,1,11.341,1,1,10,10,fixed_pipeline,
eval-031,temporal,agentic,Kim Un-guk,1827,116,1509,318,2,8.781,2,2,0,2,rule_sufficient,0.0
eval-031,temporal,graphrag,Kim Un-guk,4886,2787,4819,67,1,4.506,4,1,10,1,fixed_pipeline,
eval-031,temporal,rag,Kim Un-guk,3714,1784,3647,67,1,8.482,1,1,10,1,fixed_pipeline,
eval-032,multi_hop,agentic,"Zhou Yang, Lee Jung-su",2137,373,1825,312,2,21.278,2,2,0,1,rule_sufficient,0.0
eval-032,multi_hop,graphrag,"Zhou Yang, Lee Jung-su",3442,2415,3361,81,1,3.912,4,1,10,1,fixed_pipeline,
eval-032,multi_hop,rag,Tessa Virtueand Scott Moir,2856,2013,2789,67,1,2.344,1,1,10,2,fixed_pipeline,
eval-033,aggregation,agentic,4,2985,913,2596,389,2,8.777,2,3,0,1,rule_sufficient,0.0
eval-033,aggregation,graphrag,2,6315,3931,6217,98,1,7.012,4,1,10,1,fixed_pipeline,
eval-033,aggregation,rag,0,4403,2586,4292,111,1,2.872,1,1,10,10,fixed_pipeline,
eval-034,temporal,agentic,Bakhtiyar Akhmedov,2090,247,1686,404,2,8.124,3,2,0,2,rule_sufficient,0.0
eval-034,temporal,graphrag,Bakhtiyar Akhmedov,4683,3173,4600,83,1,4.994,4,1,10,1,fixed_pipeline,
eval-034,temporal,rag,Bakhtiyar Akhmedov,2876,2125,2803,73,1,2.319,1,1,10,1,fixed_pipeline,
eval-035,superlative,agentic,Rowing at the 2012 Summer Olympics – Women's eight,3398,1290,3022,376,2,10.285,2,3,0,1,rule_sufficient,0.0
eval-035,superlative,graphrag,Rowing at the 2012 Summer Olympics – Women's eight,4881,3433,4818,63,1,5.309,4,1,10,1,fixed_pipeline,
eval-035,superlative,rag,Rowing at the 2012 Summer Olympics – Women's eight,3813,2660,3703,110,1,6.228,1,1,10,1,fixed_pipeline,
eval-036,aggregation,agentic,3,3142,1027,2756,386,2,10.597,2,3,0,1,rule_sufficient,0.0
eval-036,aggregation,graphrag,2,5004,3233,4902,102,1,4.335,4,1,10,2,fixed_pipeline,
eval-036,aggregation,rag,2,2744,1669,2676,68,1,7.442,1,1,10,2,fixed_pipeline,
eval-037,superlative,agentic,Sailing at the 1996 Summer Olympics – Men's 470,2935,897,2556,379,2,8.575,2,3,0,2,rule_sufficient,0.0
eval-037,superlative,graphrag,Sailing at the 1996 Summer Olympics – Men's 470,4459,2853,4380,79,1,5.317,4,1,10,1,fixed_pipeline,
eval-037,superlative,rag,Sailing at the 1996 Summer Olympics – Soling,3704,1968,3598,106,1,5.065,1,1,10,5,fixed_pipeline,
eval-038,aggregation,agentic,21,4821,2207,4443,378,2,9.087,2,3,0,1,rule_sufficient,0.0
eval-038,aggregation,graphrag,7,5110,3210,4937,173,1,5.451,4,1,10,3,fixed_pipeline,
eval-038,aggregation,rag,2,2903,1887,2806,97,1,5.469,1,1,10,3,fixed_pipeline,
eval-039,aggregation,agentic,3,3207,1080,2825,382,2,13.551,2,3,0,1,rule_sufficient,0.0
eval-039,aggregation,graphrag,1,5327,3427,5272,55,1,6.753,4,1,10,1,fixed_pipeline,
eval-039,aggregation,rag,1,2596,1770,2508,88,1,2.595,1,1,10,1,fixed_pipeline,
eval-040,multi_hop,agentic,Nouria Mérah-Benida,2153,328,1814,339,2,13.096,2,2,0,1,rule_sufficient,0.0
eval-040,multi_hop,graphrag,Nouria Mérah-Benida,5578,3717,5459,119,1,4.572,4,1,10,2,fixed_pipeline,
eval-040,multi_hop,rag,Nouria Mérah-Benida,3203,2192,3112,91,1,5.995,1,1,10,1,fixed_pipeline,
eval-041,aggregation,agentic,4,2967,914,2591,376,2,11.783,2,3,0,1,rule_sufficient,0.0
eval-041,aggregation,graphrag,3,4029,2811,3957,72,1,4.996,4,1,10,1,fixed_pipeline,
eval-041,aggregation,rag,1,3152,2197,3084,68,1,2.273,1,1,10,1,fixed_pipeline,
eval-042,temporal,agentic,Dmitry Monakov,1775,123,1494,281,2,10.134,2,2,0,2,rule_sufficient,0.0
eval-042,temporal,graphrag,Dmitry Monakov,5867,3535,5780,87,1,5.309,4,1,10,1,fixed_pipeline,
eval-042,temporal,rag,Dmitry Monakov,3499,2214,3439,60,1,5.448,1,1,10,1,fixed_pipeline,
eval-043,multi_hop,agentic,Loredana DinuSimona GhermanSimona PopAna Maria Popescu,2126,336,1788,338,2,19.101,2,2,0,1,rule_sufficient,0.0
eval-043,multi_hop,graphrag,Loredana DinuSimona GhermanSimona PopAna Maria Popescu,5167,3459,5061,106,1,4.797,4,1,10,1,fixed_pipeline,
eval-043,multi_hop,rag,Loredana DinuSimona GhermanSimona PopAna Maria Popescu,3287,2317,3195,92,1,2.557,1,1,10,1,fixed_pipeline,
eval-044,temporal,agentic,Lydia Valentín,1888,169,1582,306,2,8.261,2,2,0,2,rule_sufficient,0.0
eval-044,temporal,graphrag,Svetlana Podobedova,4791,2691,4710,81,1,5.104,4,1,10,1,fixed_pipeline,
eval-044,temporal,rag,Lydia Valentín,3551,1803,3484,67,1,3.745,1,1,10,1,fixed_pipeline,
eval-045,temporal,agentic,Hannah Kearney,1794,121,1496,298,2,8.321,2,2,0,2,rule_sufficient,0.0
eval-045,temporal,graphrag,Hannah Kearney,4209,2534,4151,58,1,4.184,4,1,10,1,fixed_pipeline,
eval-045,temporal,rag,Hannah Kearney,3804,1808,3738,66,1,2.77,1,1,10,1,fixed_pipeline,
eval-046,temporal,agentic,Brahim Asloum,1809,130,1503,306,2,6.864,2,2,0,2,rule_sufficient,0.0
eval-046,temporal,graphrag,Not found in the corpus,4122,3019,4055,67,1,5.439,4,1,10,0,fixed_pipeline,
eval-046,temporal,rag,Not found in the corpus,3099,2249,3006,93,1,3.576,1,1,10,6,fixed_pipeline,
eval-047,superlative,agentic,Cycling at the 2004 Summer Olympics – Men's individual road race,4373,695,3773,600,3,15.944,3,5,0,1,rule_sufficient,0.0
eval-047,superlative,graphrag,Cycling at the 2004 Summer Olympics – Men's individual road race,3850,2833,3775,75,1,4.275,4,1,10,1,fixed_pipeline,
eval-047,superlative,rag,Cycling at the 2004 Summer Olympics – Men's individual road race,3506,2635,3428,78,1,7.128,1,1,10,1,fixed_pipeline,
eval-048,aggregation,agentic,7,3727,1504,3355,372,2,11.334,2,3,0,1,rule_sufficient,0.0
eval-048,aggregation,graphrag,4,5422,3457,5280,142,1,7.546,4,1,10,1,fixed_pipeline,
eval-048,aggregation,rag,3,3552,2396,3459,93,1,3.167,1,1,10,3,fixed_pipeline,
eval-049,superlative,agentic,Shooting at the 1988 Summer Olympics – Men's 50 metre rifle prone,3088,1013,2709,379,2,10.515,2,3,0,2,rule_sufficient,0.0
eval-049,superlative,graphrag,Not found in the corpus,5650,3640,5529,121,1,6.23,4,1,10,7,fixed_pipeline,
eval-049,superlative,rag,Shooting at the 1988 Summer Olympics – Mixed skeet,3431,2156,3366,65,1,2.771,1,1,10,1,fixed_pipeline,
eval-050,multi_hop,agentic,David Rudisha,4098,421,3636,462,3,22.898,3,3,0,2,rule_sufficient,0.0
eval-050,multi_hop,graphrag,David Rudisha,5131,3501,5069,62,1,4.508,4,1,10,2,fixed_pipeline,
eval-050,multi_hop,rag,David Rudisha,2797,1810,2739,58,1,3.224,1,1,10,1,fixed_pipeline,
